# ReadyNAS Blog Home Page
/readynas                      /
/web/readynas                  /

#
# Custom ReadyNAS Blog Links
#
/web/bliss                                            /2011/06/bliss-addon-for-readynas-x86 200
/web/directconnect                                    /2010/09/how-to-direct-connect-to-your-readynas 200
/web/permissionsguide                                 /2010/09/HowToSetupReadyNASPermissions 200

#
# ReadyNAS Blog post links
#
/*/my-readynas-blog                                   /2010/08/my-readynas-blog  301
/*/my-readynas-blog_5795.html                         /2010/08/my-readynas-blog  301

/*/how-to-direct-connect-to-your-readynas             /2010/09/how-to-direct-connect-to-your-readynas 301
/*/how-to-direct-connect-to-your-readynas_1197.html   /2010/09/how-to-direct-connect-to-your-readynas 301

/*/how-to-migrate-to-user-security-mode               /2010/09/how-to-migrate-to-user-security-mode 301
/*/how-to-migrate-to-user-security-mode_4917.html     /2010/09/how-to-migrate-to-user-security-mode 301

/*/how-to-setup-readynas-permissions                  /2010/09/how-to-setup-readynas-permissions 301
/*/how-to-setup-readynas-permissions_5296.html        /2010/09/how-to-setup-readynas-permissions 301

/*/HowToSetupReadyNASPermissions                      /2010/09/HowToSetupReadyNASPermissions 301

/*/readynas/restoring-ssh-access                      /2010/09/restoring-ssh-access 301
/*/readynas/restoring-ssh-access_4574.html            /2010/09/restoring-ssh-access 301

/*/enabling-admin-access-to-c-volume-over             /2010/10/enabling-admin-access-to-the-c-volume-over-afp 301
/*/enabling-admin-access-to-c-volume-over_4626.html   /2010/10/enabling-admin-access-to-the-c-volume-over-afp 301

/*/installing-ssl-certificate-on-your                 /2010/10/installing-an-ssl-certificate-on-your-readynas 301
/*/installing-ssl-certificate-on-your_7476.html       /2010/10/installing-an-ssl-certificate-on-your-readynas 301

/*/installing-java-on-x86-readynas                    /2010/10/installing-java-on-x86-readynas 301
/*/installing-java-on-x86-readynas_7583.html          /2010/10/installing-java-on-x86-readynas 301

/*/installing-virtualbox-on-readynas-ultra            /2010/10/installing-virtualbox-on-readynas-ultra 301
/*/installing-virtualbox-on-readynas-ultra_2817.html  /2010/10/installing-virtualbox-on-readynas-ultra 301

/*/overview-of-readynas-permissions                   /2010/10/overview-of-readynas-permissions 301
/*/overview-of-readynas-permissions_1643.html         /2010/10/overview-of-readynas-permissions 301

/*/why-cant-i-play-my-files-via-dlna                  /2010/10/why-cant-i-play-my-files-via-dlna 301
/*/why-cant-i-play-my-files-via-dlna_7484.html        /2010/10/why-cant-i-play-my-files-via-dlna 301

/*/aperture-workflow-with-readynas                    /2010/11/aperture-workflow-with-readynas 301
/*/aperture-workflow-with-readynas_6866.html          /2010/11/aperture-workflow-with-readynas 301

/*/hiding-files-folders-from-ftp-users                /2010/11/hiding-files-folders-from-ftp-users 301
/*/hiding-files-folders-from-ftp-users_5693.html      /2010/11/hiding-files-folders-from-ftp-users 301

/*/enabling-user-anonymous-ftp-access                 /2011/03/enabling-user-anonymous-ftp-access 301
/*/enabling-user-anonymous-ftp-access_3512.html       /2011/03/enabling-user-anonymous-ftp-access 301

/*/using-imovie-with-readynas-devices                 /2011/03/using-imovie-with-readynas-devices 301
/*/using-imovie-with-readynas-devices_157.html        /2011/03/using-imovie-with-readynas-devices 301

/*/backing-up-via-rsync-to-a-local-usb-disk           /2011/04/backing-up-via-rsync-to-a-local-usb-disk 301
/*/backing-up-via-rsync-to-a-local-usb-disk_9153.html /2011/04/backing-up-via-rsync-to-a-local-usb-disk 301

/*/managing-your-music-on-your-readynas               /2011/04/managing-your-music-on-your-readynas 301
/*/managing-your-music-on-your-readynas_2890.html     /2011/04/managing-your-music-on-your-readynas 301

/*/what-are-reallocated-sectors                       /2011/04/what-are-reallocated-sectors 301
/*/what-are-reallocated-sectors_4242.html             /2011/04/what-are-reallocated-sectors 301

/*/my-readynas-wishlist                               /2011/05/my-readynas-wishlist 301
/*/my-readynas-wishlist_5819.html                     /2011/05/my-readynas-wishlist 301

/*/bliss-addon-for-readynas-x86                       /2011/06/bliss-addon-for-readynas-x86 301
/*/bliss-addon-for-readynas-x86_2115.html             /2011/06/bliss-addon-for-readynas-x86 301

/*/migrating-timemachine-backups                      /2011/06/migrating-timemachine-backups-to-a-readynas 301
/*/migrating-timemachine-backups_1097.html            /2011/06/migrating-timemachine-backups-to-a-readynas 301

/*/setting-up-a-website-with-php-mysql                /2011/06/setting-up-a-website-with-php-mysql 301
/*/setting-up-a-website-with-php-mysql_6972.html      /2011/06/setting-up-a-website-with-php-mysql 301

/*/apple-related-services-not-visible-over            /2011/09/apple-related-services-not-visible-over-wifi 301
/*/apple-related-services-not-visible-over_8538.html  /2011/09/apple-related-services-not-visible-over-wifi 301

/*/using-final-cut-pro-x-with-readynas                /2011/10/using-final-cut-pro-x-with-readynas 301
/*/using-final-cut-pro-x-with-readynas_6783.html      /2011/10/using-final-cut-pro-x-with-readynas 301

/2012/12/update.html                                  /2012/12/this-is-the-end 301
